Class_21.java,
Node,ASE_pred,ASE_truth,ASE_correct,SNR_truth
BufferedImage,java.awt.BufferedImage,java.awt.image.BufferedImage,0,java.awt.image.BufferedImage
Component,java.awt.Component,java.awt.Component,1,java.awt.Component
BufferedImage,java.awt.image.BufferedImage,java.awt.image.BufferedImage,1,java.awt.image.BufferedImage
JFrame,javax.swing.JFrame,javax.swing.JFrame,1,javax.swing.JFrame
JFrame,javax.swing.JFrame,javax.swing.JFrame,1,javax.swing.JFrame
JMenuItem,javax.swing.JMenuItem,javax.swing.JMenuItem,1,javax.swing.JMenuItem
JMenuItem,javax.swing.JMenuItem,javax.swing.JMenuItem,1,javax.swing.JMenuItem
KeyStroke,javax.swing.KeyStroke,javax.swing.KeyStroke,1,javax.swing.KeyStroke
KeyEvent,java.awt.event.KeyEvent,java.awt.event.KeyEvent,1,java.awt.event.KeyEvent
InputEvent,java.awt.event.InputEvent,java.awt.event.InputEvent,1,java.awt.event.InputEvent
ActionListener,java.awt.event.ActionListener,java.awt.event.ActionListener,1,java.awt.event.ActionListener
JMenu,javax.swing.JMenu,javax.swing.JMenu,1,javax.swing.JMenu
JMenu,javax.swing.JMenu,javax.swing.JMenu,1,javax.swing.JMenu
JMenuBar,javax.swing.JMenuBar,javax.swing.JMenuBar,1,javax.swing.JMenuBar
new JMenuBar(),javax.swing.JMenuBar,javax.swing.JMenuBar,1,javax.swing.JMenuBar
JPanel,javax.swing.JPanel,javax.swing.JPanel,1,javax.swing.JPanel
JPanel,javax.swing.JPanel,javax.swing.JPanel,1,javax.swing.JPanel
BorderLayout,java.awt.BorderLayout,java.awt.BorderLayout,1,java.awt.BorderLayout
TitledBorder,javax.swing.TitledBorder,javax.swing.border.TitledBorder,0,javax.swing.border.TitledBorder
JScrollPane,javax.swing.JScrollPane,javax.swing.JScrollPane,1,javax.swing.JScrollPane
new JTree(),javax.swing.JTree,javax.swing.JTree,1,javax.swing.JTree
BorderLayout,java.awt.BorderLayout,java.awt.BorderLayout,1,java.awt.BorderLayout
JTextArea,javax.swing.JTextArea,javax.swing.JTextArea,1,javax.swing.JTextArea
SwingUtilities,javax.swing.SwingUtilities,javax.swing.SwingUtilities,1,javax.swing.SwingUtilities
