xstream_class_1.java,
Node,DL_pred,DL_truth,DL_correct,Rule_pred,Rule_truth,Rule_correct,Total_correct
Converter,com.thoughtworks.xstream.converters.Converter,com.thoughtworks.xstream.converters.Converter,1,com.sun.xml.internal.ws.commons.xmlutil.Converter,com.thoughtworks.xstream.converters.Converter,0,0
HierarchicalStreamReader,com.thoughtworks.xstream.io.HierarchicalStreamReader,com.thoughtworks.xstream.io.HierarchicalStreamReader,1,com.thoughtworks.xstream.io.HierarchicalStreamReader,com.thoughtworks.xstream.io.HierarchicalStreamReader,1,1
UnmarshallingContext,com.thoughtworks.xstream.converters.UnmarshallingContext,com.thoughtworks.xstream.converters.UnmarshallingContext,1,com.thoughtworks.xstream.converters.UnmarshallingContext,com.thoughtworks.xstream.converters.UnmarshallingContext,1,1
HierarchicalStreamWriter,com.thoughtworks.xstream.io.HierarchicalStreamWriter,com.thoughtworks.xstream.io.HierarchicalStreamWriter,1,com.thoughtworks.xstream.io.HierarchicalStreamWriter,com.thoughtworks.xstream.io.HierarchicalStreamWriter,1,1
MarshallingContext,com.thoughtworks.xstream.converters.MarshallingContext,com.thoughtworks.xstream.converters.MarshallingContext,1,com.thoughtworks.xstream.converters.MarshallingContext,com.thoughtworks.xstream.converters.MarshallingContext,1,1
dl_correct:5,dl_accuracy:1.0,,rule_correct:4,rule_checked:5,rule_accuracy:0.8,rule_recall:0.8
checked:5,total correct:4,total accuracy:0.8

xstream_class_10.java,
Node,DL_pred,DL_truth,DL_correct,Rule_pred,Rule_truth,Rule_correct,Total_correct
XStream,com.thoughtworks.xstream.XStream,com.thoughtworks.xstream.XStream,1,com.thoughtworks.xstream.XStream,com.thoughtworks.xstream.XStream,1,1
StringWriter,java.io.StringWriter,java.io.StringWriter,1,java.io.StringWriter,java.io.StringWriter,1,1
new StringWriter(),java.io.StringWriter,java.io.StringWriter,1,java.io.StringWriter,java.io.StringWriter,1,1
PrettyPrintWriter,com.thoughtworks.xstream.io.xml.PrettyPrintWriter,com.thoughtworks.xstream.io.xml.PrettyPrintWriter,1,com.thoughtworks.xstream.io.xml.PrettyPrintWriter,com.thoughtworks.xstream.io.xml.PrettyPrintWriter,1,1
dl_correct:4,dl_accuracy:1.0,,rule_correct:4,rule_checked:4,rule_accuracy:1.0,rule_recall:1.0
checked:4,total correct:4,total accuracy:1.0

xstream_class_11.java,
Node,DL_pred,DL_truth,DL_correct,Rule_pred,Rule_truth,Rule_correct,Total_correct
List,java.util.List,java.util.List,1,java.util.List,java.util.List,1,1
ArrayList,java.util.ArrayList,java.util.ArrayList,1,java.util.ArrayList,java.util.ArrayList,1,1
XStream,com.thoughtworks.xstream.XStream,com.thoughtworks.xstream.XStream,1,com.thoughtworks.xstream.XStream,com.thoughtworks.xstream.XStream,1,1
new XStream(),com.thoughtworks.xstream.XStream,com.thoughtworks.xstream.XStream,1,com.thoughtworks.xstream.XStream,com.thoughtworks.xstream.XStream,1,1
ClassAliasingMapper,com.thoughtworks.xstream.mapper.ClassAliasingMapper,com.thoughtworks.xstream.mapper.ClassAliasingMapper,1,com.thoughtworks.xstream.mapper.ClassAliasingMapper,com.thoughtworks.xstream.mapper.ClassAliasingMapper,1,1
ClassAliasingMapper,com.thoughtworks.xstream.mapper.ClassAliasingMapper,com.thoughtworks.xstream.mapper.ClassAliasingMapper,1,com.thoughtworks.xstream.mapper.ClassAliasingMapper,com.thoughtworks.xstream.mapper.ClassAliasingMapper,1,1
CollectionConverter,com.thoughtworks.xstream.converters.collections.CollectionConverter,com.thoughtworks.xstream.converters.collections.CollectionConverter,1,com.thoughtworks.xstream.converters.collections.CollectionConverter,com.thoughtworks.xstream.converters.collections.CollectionConverter,1,1
dl_correct:7,dl_accuracy:1.0,,rule_correct:7,rule_checked:7,rule_accuracy:1.0,rule_recall:1.0
checked:7,total correct:7,total accuracy:1.0

xstream_class_12.java,
Node,DL_pred,DL_truth,DL_correct,Rule_pred,Rule_truth,Rule_correct,Total_correct
Converter,com.thoughtworks.xstream.converters.Converter,com.thoughtworks.xstream.converters.Converter,1,com.thoughtworks.xstream.converters.Converter,com.thoughtworks.xstream.converters.Converter,1,1
HierarchicalStreamWriter,com.thoughtworks.xstream.io.HierarchicalStreamWriter,com.thoughtworks.xstream.io.HierarchicalStreamWriter,1,com.thoughtworks.xstream.io.HierarchicalStreamWriter,com.thoughtworks.xstream.io.HierarchicalStreamWriter,1,1
MarshallingContext,com.thoughtworks.xstream.converters.MarshallingContext,com.thoughtworks.xstream.converters.MarshallingContext,1,com.thoughtworks.xstream.converters.MarshallingContext,com.thoughtworks.xstream.converters.MarshallingContext,1,1
List,java.util.List,java.util.List,1,java.util.List,java.util.List,1,1
HierarchicalStreamReader,com.thoughtworks.xstream.io.HierarchicalStreamReader,com.thoughtworks.xstream.io.HierarchicalStreamReader,1,com.thoughtworks.xstream.io.HierarchicalStreamReader,com.thoughtworks.xstream.io.HierarchicalStreamReader,1,1
UnmarshallingContext,com.thoughtworks.xstream.converters.UnmarshallingContext,com.thoughtworks.xstream.converters.UnmarshallingContext,1,com.thoughtworks.xstream.converters.UnmarshallingContext,com.thoughtworks.xstream.converters.UnmarshallingContext,1,1
dl_correct:6,dl_accuracy:1.0,,rule_correct:6,rule_checked:6,rule_accuracy:1.0,rule_recall:1.0
checked:6,total correct:6,total accuracy:1.0

xstream_class_13.java,
Node,DL_pred,DL_truth,DL_correct,Rule_pred,Rule_truth,Rule_correct,Total_correct
ClassAliasingMapper,com.thoughtworks.xstream.mapper.ClassAliasingMapper,com.thoughtworks.xstream.mapper.ClassAliasingMapper,1,com.thoughtworks.xstream.mapper.ClassAliasingMapper,com.thoughtworks.xstream.mapper.ClassAliasingMapper,1,1
Mapper,com.thoughtworks.xstream.mapper.Mapper,com.thoughtworks.xstream.mapper.Mapper,1,com.thoughtworks.xstream.mapper.Mapper,com.thoughtworks.xstream.mapper.Mapper,1,1
dl_correct:2,dl_accuracy:1.0,,rule_correct:2,rule_checked:2,rule_accuracy:1.0,rule_recall:1.0
checked:2,total correct:2,total accuracy:1.0

xstream_class_14.java,
Node,DL_pred,DL_truth,DL_correct,Rule_pred,Rule_truth,Rule_correct,Total_correct
AbstractSingleValueConverter,com.thoughtworks.xstream.converters.basic.AbstractSingleValueConverter,com.thoughtworks.xstream.converters.basic.AbstractSingleValueConverter,1,com.thoughtworks.xstream.converters.basic.AbstractSingleValueConverter,com.thoughtworks.xstream.converters.basic.AbstractSingleValueConverter,1,1
dl_correct:1,dl_accuracy:1.0,,rule_correct:1,rule_checked:1,rule_accuracy:1.0,rule_recall:1.0
checked:1,total correct:1,total accuracy:1.0

xstream_class_16.java,
Node,DL_pred,DL_truth,DL_correct,Rule_pred,Rule_truth,Rule_correct,Total_correct
XStream,com.thoughtworks.xstream.XStream,com.thoughtworks.xstream.XStream,1,com.thoughtworks.xstream.XStream,com.thoughtworks.xstream.XStream,1,1
XStream,com.thoughtworks.xstream.XStream,com.thoughtworks.xstream.XStream,1,com.thoughtworks.xstream.XStream,com.thoughtworks.xstream.XStream,1,1
dl_correct:2,dl_accuracy:1.0,,rule_correct:2,rule_checked:2,rule_accuracy:1.0,rule_recall:1.0
checked:2,total correct:2,total accuracy:1.0

xstream_class_17.java,
Node,DL_pred,DL_truth,DL_correct,Rule_pred,Rule_truth,Rule_correct,Total_correct
XStream,com.thoughtworks.xstream.XStream,com.thoughtworks.xstream.XStream,1,com.thoughtworks.xstream.XStream,com.thoughtworks.xstream.XStream,1,1
new XStream(),com.thoughtworks.xstream.XStream,com.thoughtworks.xstream.XStream,1,com.thoughtworks.xstream.XStream,com.thoughtworks.xstream.XStream,1,1
XStreamAlias,com.sun.org.apache.xerces.internal.xni.parser.XStreamAlias,com.thoughtworks.xstream.annotations.XStreamAlias,0,com.thoughtworks.xstream.annotations.XStreamAlias,com.thoughtworks.xstream.annotations.XStreamAlias,1,1
Converter,com.thoughtworks.xstream.converters.Converter,com.thoughtworks.xstream.converters.Converter,1,com.thoughtworks.xstream.converters.Converter,com.thoughtworks.xstream.converters.Converter,1,1
HierarchicalStreamWriter,com.thoughtworks.xstream.io.HierarchicalStreamWriter,com.thoughtworks.xstream.io.HierarchicalStreamWriter,1,com.thoughtworks.xstream.io.HierarchicalStreamWriter,com.thoughtworks.xstream.io.HierarchicalStreamWriter,1,1
MarshallingContext,com.thoughtworks.xstream.converters.MarshallingContext,com.thoughtworks.xstream.converters.MarshallingContext,1,com.thoughtworks.xstream.converters.MarshallingContext,com.thoughtworks.xstream.converters.MarshallingContext,1,1
HierarchicalStreamReader,com.thoughtworks.xstream.io.HierarchicalStreamReader,com.thoughtworks.xstream.io.HierarchicalStreamReader,1,com.thoughtworks.xstream.io.HierarchicalStreamReader,com.thoughtworks.xstream.io.HierarchicalStreamReader,1,1
UnmarshallingContext,com.thoughtworks.xstream.converters.UnmarshallingContext,com.thoughtworks.xstream.converters.UnmarshallingContext,1,com.thoughtworks.xstream.converters.UnmarshallingContext,com.thoughtworks.xstream.converters.UnmarshallingContext,1,1
dl_correct:7,dl_accuracy:0.875,,rule_correct:8,rule_checked:8,rule_accuracy:1.0,rule_recall:1.0
checked:8,total correct:8,total accuracy:1.0

xstream_class_18.java,
Node,DL_pred,DL_truth,DL_correct,Rule_pred,Rule_truth,Rule_correct,Total_correct
Converter,com.thoughtworks.xstream.converters.Converter,com.thoughtworks.xstream.converters.Converter,1,com.thoughtworks.xstream.converters.Converter,com.thoughtworks.xstream.converters.Converter,1,1
Map,java.util.Map,java.util.Map,1,java.util.Map,java.util.Map,1,1
HierarchicalStreamWriter,com.thoughtworks.xstream.io.HierarchicalStreamWriter,com.thoughtworks.xstream.io.HierarchicalStreamWriter,1,com.thoughtworks.xstream.io.HierarchicalStreamWriter,com.thoughtworks.xstream.io.HierarchicalStreamWriter,1,1
MarshallingContext,com.thoughtworks.xstream.converters.MarshallingContext,com.thoughtworks.xstream.converters.MarshallingContext,1,com.thoughtworks.xstream.converters.MarshallingContext,com.thoughtworks.xstream.converters.MarshallingContext,1,1
HierarchicalStreamReader,com.thoughtworks.xstream.io.HierarchicalStreamReader,com.thoughtworks.xstream.io.HierarchicalStreamReader,1,com.thoughtworks.xstream.io.HierarchicalStreamReader,com.thoughtworks.xstream.io.HierarchicalStreamReader,1,1
UnmarshallingContext,com.thoughtworks.xstream.converters.UnmarshallingContext,com.thoughtworks.xstream.converters.UnmarshallingContext,1,com.thoughtworks.xstream.converters.UnmarshallingContext,com.thoughtworks.xstream.converters.UnmarshallingContext,1,1
HashMap,java.util.HashMap,java.util.HashMap,1,java.util.HashMap,java.util.HashMap,1,1
dl_correct:7,dl_accuracy:1.0,,rule_correct:7,rule_checked:7,rule_accuracy:1.0,rule_recall:1.0
checked:7,total correct:7,total accuracy:1.0

xstream_class_19.java,
Node,DL_pred,DL_truth,DL_correct,Rule_pred,Rule_truth,Rule_correct,Total_correct
Converter,com.thoughtworks.xstream.converters.Converter,com.thoughtworks.xstream.converters.Converter,1,com.thoughtworks.xstream.converters.Converter,com.thoughtworks.xstream.converters.Converter,1,1
HierarchicalStreamWriter,com.thoughtworks.xstream.io.HierarchicalStreamWriter,com.thoughtworks.xstream.io.HierarchicalStreamWriter,1,com.thoughtworks.xstream.io.HierarchicalStreamWriter,com.thoughtworks.xstream.io.HierarchicalStreamWriter,1,1
MarshallingContext,com.thoughtworks.xstream.converters.MarshallingContext,com.thoughtworks.xstream.converters.MarshallingContext,1,com.thoughtworks.xstream.converters.MarshallingContext,com.thoughtworks.xstream.converters.MarshallingContext,1,1
HierarchicalStreamReader,com.thoughtworks.xstream.io.HierarchicalStreamReader,com.thoughtworks.xstream.io.HierarchicalStreamReader,1,com.thoughtworks.xstream.io.HierarchicalStreamReader,com.thoughtworks.xstream.io.HierarchicalStreamReader,1,1
UnmarshallingContext,com.thoughtworks.xstream.converters.UnmarshallingContext,com.thoughtworks.xstream.converters.UnmarshallingContext,1,com.thoughtworks.xstream.converters.UnmarshallingContext,com.thoughtworks.xstream.converters.UnmarshallingContext,1,1
dl_correct:5,dl_accuracy:1.0,,rule_correct:5,rule_checked:5,rule_accuracy:1.0,rule_recall:1.0
checked:5,total correct:5,total accuracy:1.0

xstream_class_2.java,
Node,DL_pred,DL_truth,DL_correct,Rule_pred,Rule_truth,Rule_correct,Total_correct
IOException,java.io.IOException,java.io.IOException,1,java.io.IOException,java.io.IOException,1,1
XStream,com.thoughtworks.xstream.XStream,com.thoughtworks.xstream.XStream,1,com.thoughtworks.xstream.XStream,com.thoughtworks.xstream.XStream,1,1
XStream,com.thoughtworks.xstream.XStream,com.thoughtworks.xstream.XStream,1,com.thoughtworks.xstream.XStream,com.thoughtworks.xstream.XStream,1,1
new DomDriver(),com.thoughtworks.xstream.io.xml.DomDriver,com.thoughtworks.xstream.io.xml.DomDriver,1,com.thoughtworks.xstream.io.xml.DomDriver,com.thoughtworks.xstream.io.xml.DomDriver,1,1
FileReader,java.io.FileReader,java.io.FileReader,1,java.io.FileReader,java.io.FileReader,1,1
FileReader,java.io.FileReader,java.io.FileReader,1,java.io.FileReader,java.io.FileReader,1,1
BufferedReader,java.io.BufferedReader,java.io.BufferedReader,1,java.io.BufferedReader,java.io.BufferedReader,1,1
BufferedReader,java.io.BufferedReader,java.io.BufferedReader,1,java.io.BufferedReader,java.io.BufferedReader,1,1
dl_correct:8,dl_accuracy:1.0,,rule_correct:8,rule_checked:8,rule_accuracy:1.0,rule_recall:1.0
checked:8,total correct:8,total accuracy:1.0

xstream_class_21.java,
Node,DL_pred,DL_truth,DL_correct,Rule_pred,Rule_truth,Rule_correct,Total_correct
Converter,com.thoughtworks.xstream.converters.Converter,com.thoughtworks.xstream.converters.Converter,1,com.thoughtworks.xstream.converters.Converter,com.thoughtworks.xstream.converters.Converter,1,1
Map,java.util.Map,java.util.Map,1,java.util.Map,java.util.Map,1,1
Mapper,com.thoughtworks.xstream.mapper.Mapper,com.thoughtworks.xstream.mapper.Mapper,1,com.thoughtworks.xstream.mapper.Mapper,com.thoughtworks.xstream.mapper.Mapper,1,1
ReflectionProvider,com.thoughtworks.xstream.converters.reflection.ReflectionProvider,com.thoughtworks.xstream.converters.reflection.ReflectionProvider,1,com.thoughtworks.xstream.converters.reflection.ReflectionProvider,com.thoughtworks.xstream.converters.reflection.ReflectionProvider,1,1
HierarchicalStreamWriter,com.thoughtworks.xstream.io.HierarchicalStreamWriter,com.thoughtworks.xstream.io.HierarchicalStreamWriter,1,com.thoughtworks.xstream.io.HierarchicalStreamWriter,com.thoughtworks.xstream.io.HierarchicalStreamWriter,1,1
MarshallingContext,com.thoughtworks.xstream.converters.MarshallingContext,com.thoughtworks.xstream.converters.MarshallingContext,1,com.thoughtworks.xstream.converters.MarshallingContext,com.thoughtworks.xstream.converters.MarshallingContext,1,1
ReflectionConverter,com.thoughtworks.xstream.converters.reflection.ReflectionConverter,com.thoughtworks.xstream.converters.reflection.ReflectionConverter,1,com.thoughtworks.xstream.converters.reflection.ReflectionConverter,com.thoughtworks.xstream.converters.reflection.ReflectionConverter,1,1
HierarchicalStreamReader,com.thoughtworks.xstream.io.HierarchicalStreamReader,com.thoughtworks.xstream.io.HierarchicalStreamReader,1,com.thoughtworks.xstream.io.HierarchicalStreamReader,com.thoughtworks.xstream.io.HierarchicalStreamReader,1,1
UnmarshallingContext,com.thoughtworks.xstream.converters.UnmarshallingContext,com.thoughtworks.xstream.converters.UnmarshallingContext,1,com.thoughtworks.xstream.converters.UnmarshallingContext,com.thoughtworks.xstream.converters.UnmarshallingContext,1,1
dl_correct:9,dl_accuracy:1.0,,rule_correct:9,rule_checked:9,rule_accuracy:1.0,rule_recall:1.0
checked:9,total correct:9,total accuracy:1.0

xstream_class_23.java,
Node,DL_pred,DL_truth,DL_correct,Rule_pred,Rule_truth,Rule_correct,Total_correct
XStreamAlias,java.io.XStreamAlias,com.thoughtworks.xstream.annotations.XStreamAlias,0,com.thoughtworks.xstream.annotations.XStreamAlias,com.thoughtworks.xstream.annotations.XStreamAlias,1,1
XStream,com.thoughtworks.xstream.XStream,com.thoughtworks.xstream.XStream,1,com.thoughtworks.xstream.XStream,com.thoughtworks.xstream.XStream,1,1
XStream,com.thoughtworks.xstream.XStream,com.thoughtworks.xstream.XStream,1,com.thoughtworks.xstream.XStream,com.thoughtworks.xstream.XStream,1,1
new XppDriver(),com.thoughtworks.xstream.io.xml.XppDriver,com.thoughtworks.xstream.io.xml.XppDriver,1,com.thoughtworks.xstream.io.xml.XppDriver,com.thoughtworks.xstream.io.xml.XppDriver,1,1
JavaBeanConverter,com.thoughtworks.xstream.converters.javabean.JavaBeanConverter,com.thoughtworks.xstream.converters.javabean.JavaBeanConverter,1,com.thoughtworks.xstream.converters.javabean.JavaBeanConverter,com.thoughtworks.xstream.converters.javabean.JavaBeanConverter,1,1
dl_correct:4,dl_accuracy:0.8,,rule_correct:5,rule_checked:5,rule_accuracy:1.0,rule_recall:1.0
checked:5,total correct:5,total accuracy:1.0

xstream_class_24.java,
Node,DL_pred,DL_truth,DL_correct,Rule_pred,Rule_truth,Rule_correct,Total_correct
ReflectionConverter,com.thoughtworks.xstream.converters.reflection.ReflectionConverter,com.thoughtworks.xstream.converters.reflection.ReflectionConverter,1,com.thoughtworks.xstream.converters.reflection.ReflectionConverter,com.thoughtworks.xstream.converters.reflection.ReflectionConverter,1,1
Mapper,com.thoughtworks.xstream.mapper.Mapper,com.thoughtworks.xstream.mapper.Mapper,1,com.thoughtworks.xstream.mapper.Mapper,com.thoughtworks.xstream.mapper.Mapper,1,1
ReflectionProvider,com.thoughtworks.xstream.converters.reflection.ReflectionProvider,com.thoughtworks.xstream.converters.reflection.ReflectionProvider,1,com.thoughtworks.xstream.converters.reflection.ReflectionProvider,com.thoughtworks.xstream.converters.reflection.ReflectionProvider,1,1
HierarchicalStreamWriter,com.thoughtworks.xstream.io.HierarchicalStreamWriter,com.thoughtworks.xstream.io.HierarchicalStreamWriter,1,com.thoughtworks.xstream.io.HierarchicalStreamWriter,com.thoughtworks.xstream.io.HierarchicalStreamWriter,1,1
MarshallingContext,com.thoughtworks.xstream.converters.MarshallingContext,com.thoughtworks.xstream.converters.MarshallingContext,1,com.thoughtworks.xstream.converters.MarshallingContext,com.thoughtworks.xstream.converters.MarshallingContext,1,1
HierarchicalStreamReader,com.thoughtworks.xstream.io.HierarchicalStreamReader,com.thoughtworks.xstream.io.HierarchicalStreamReader,1,com.thoughtworks.xstream.io.HierarchicalStreamReader,com.thoughtworks.xstream.io.HierarchicalStreamReader,1,1
UnmarshallingContext,com.thoughtworks.xstream.converters.UnmarshallingContext,com.thoughtworks.xstream.converters.UnmarshallingContext,1,com.thoughtworks.xstream.converters.UnmarshallingContext,com.thoughtworks.xstream.converters.UnmarshallingContext,1,1
dl_correct:7,dl_accuracy:1.0,,rule_correct:7,rule_checked:7,rule_accuracy:1.0,rule_recall:1.0
checked:7,total correct:7,total accuracy:1.0

xstream_class_25.java,
Node,DL_pred,DL_truth,DL_correct,Rule_pred,Rule_truth,Rule_correct,Total_correct
XStreamAlias,com.thoughtworks.xstream.annotations.XStreamAlias,com.thoughtworks.xstream.annotations.XStreamAlias,1,com.thoughtworks.xstream.annotations.XStreamAlias,com.thoughtworks.xstream.annotations.XStreamAlias,1,1
XStreamConverter,com.thoughtworks.xstream.annotations.XStreamConverter,com.thoughtworks.xstream.annotations.XStreamConverter,1,com.thoughtworks.xstream.annotations.XStreamConverter,com.thoughtworks.xstream.annotations.XStreamConverter,1,1
dl_correct:2,dl_accuracy:1.0,,rule_correct:2,rule_checked:2,rule_accuracy:1.0,rule_recall:1.0
checked:2,total correct:2,total accuracy:1.0

xstream_class_26.java,
Node,DL_pred,DL_truth,DL_correct,Rule_pred,Rule_truth,Rule_correct,Total_correct
SingleValueConverter,com.thoughtworks.xstream.converters.SingleValueConverter,com.thoughtworks.xstream.converters.SingleValueConverter,1,com.thoughtworks.xstream.converters.SingleValueConverter,com.thoughtworks.xstream.converters.SingleValueConverter,1,1
List,java.util.List,java.util.List,1,java.util.List,java.util.List,1,1
Collection,java.util.Collection,java.util.Collection,1,java.util.Collection,java.util.Collection,1,1
ArrayList,java.util.ArrayList,java.util.ArrayList,1,java.util.ArrayList,java.util.ArrayList,1,1
dl_correct:4,dl_accuracy:1.0,,rule_correct:4,rule_checked:4,rule_accuracy:1.0,rule_recall:1.0
checked:4,total correct:4,total accuracy:1.0

xstream_class_27.java,
Node,DL_pred,DL_truth,DL_correct,Rule_pred,Rule_truth,Rule_correct,Total_correct
Converter,com.thoughtworks.xstream.converters.Converter,com.thoughtworks.xstream.converters.Converter,1,com.sun.xml.internal.ws.commons.xmlutil.Converter,com.thoughtworks.xstream.converters.Converter,0,0
XStream,com.thoughtworks.xstream.XStream,com.thoughtworks.xstream.XStream,1,com.thoughtworks.xstream.XStream,com.thoughtworks.xstream.XStream,1,1
HierarchicalStreamWriter,com.thoughtworks.xstream.io.HierarchicalStreamWriter,com.thoughtworks.xstream.io.HierarchicalStreamWriter,1,com.thoughtworks.xstream.io.HierarchicalStreamWriter,com.thoughtworks.xstream.io.HierarchicalStreamWriter,1,1
MarshallingContext,com.thoughtworks.xstream.converters.MarshallingContext,com.thoughtworks.xstream.converters.MarshallingContext,1,com.thoughtworks.xstream.converters.MarshallingContext,com.thoughtworks.xstream.converters.MarshallingContext,1,1
WordUtils,com.thoughtworks.xstream.core.util.WordUtils,org.apache.commons.lang.WordUtils,0,org.apache.commons.lang.WordUtils,org.apache.commons.lang.WordUtils,1,1
Content,com.thoughtworks.acceptance.objects.Content,org.apache.http.client.fluent.Content,0,javax.swing.text.AbstractDocument.Content,org.apache.http.client.fluent.Content,0,0
HierarchicalStreamReader,com.thoughtworks.xstream.io.HierarchicalStreamReader,com.thoughtworks.xstream.io.HierarchicalStreamReader,1,com.thoughtworks.xstream.io.HierarchicalStreamReader,com.thoughtworks.xstream.io.HierarchicalStreamReader,1,1
UnmarshallingContext,com.thoughtworks.xstream.converters.UnmarshallingContext,com.thoughtworks.xstream.converters.UnmarshallingContext,1,com.sun.xml.internal.bind.v2.runtime.unmarshaller.UnmarshallingContext,com.thoughtworks.xstream.converters.UnmarshallingContext,0,0
dl_correct:6,dl_accuracy:0.75,,rule_correct:5,rule_checked:8,rule_accuracy:0.625,rule_recall:0.625
checked:8,total correct:5,total accuracy:0.625

xstream_class_3.java,
Node,DL_pred,DL_truth,DL_correct,Rule_pred,Rule_truth,Rule_correct,Total_correct
JettisonMappedXmlDriver,com.thoughtworks.xstream.io.json.JettisonMappedXmlDriver,com.thoughtworks.xstream.io.json.JettisonMappedXmlDriver,1,com.thoughtworks.xstream.io.json.JettisonMappedXmlDriver,com.thoughtworks.xstream.io.json.JettisonMappedXmlDriver,1,1
new JettisonMappedXmlDriver(),com.thoughtworks.xstream.io.json.JettisonMappedXmlDriver,com.thoughtworks.xstream.io.json.JettisonMappedXmlDriver,1,com.thoughtworks.xstream.io.json.JettisonMappedXmlDriver,com.thoughtworks.xstream.io.json.JettisonMappedXmlDriver,1,1
XStream,com.thoughtworks.xstream.XStream,com.thoughtworks.xstream.XStream,1,com.thoughtworks.xstream.XStream,com.thoughtworks.xstream.XStream,1,1
XStream,com.thoughtworks.xstream.XStream,com.thoughtworks.xstream.XStream,1,com.thoughtworks.xstream.XStream,com.thoughtworks.xstream.XStream,1,1
List,java.util.List,java.util.List,1,java.util.List,java.util.List,1,1
new ArrayList(),java.util.ArrayList,java.util.ArrayList,1,java.util.ArrayList,java.util.ArrayList,1,1
dl_correct:6,dl_accuracy:1.0,,rule_correct:6,rule_checked:6,rule_accuracy:1.0,rule_recall:1.0
checked:6,total correct:6,total accuracy:1.0

xstream_class_30.java,
Node,DL_pred,DL_truth,DL_correct,Rule_pred,Rule_truth,Rule_correct,Total_correct
Converter,com.thoughtworks.xstream.converters.Converter,com.thoughtworks.xstream.converters.Converter,1,com.thoughtworks.xstream.converters.Converter,com.thoughtworks.xstream.converters.Converter,1,1
HierarchicalStreamWriter,com.thoughtworks.xstream.io.HierarchicalStreamWriter,com.thoughtworks.xstream.io.HierarchicalStreamWriter,1,com.thoughtworks.xstream.io.HierarchicalStreamWriter,com.thoughtworks.xstream.io.HierarchicalStreamWriter,1,1
MarshallingContext,com.thoughtworks.xstream.converters.MarshallingContext,com.thoughtworks.xstream.converters.MarshallingContext,1,com.thoughtworks.xstream.converters.MarshallingContext,com.thoughtworks.xstream.converters.MarshallingContext,1,1
HierarchicalStreamReader,com.thoughtworks.xstream.io.HierarchicalStreamReader,com.thoughtworks.xstream.io.HierarchicalStreamReader,1,com.thoughtworks.xstream.io.HierarchicalStreamReader,com.thoughtworks.xstream.io.HierarchicalStreamReader,1,1
UnmarshallingContext,com.thoughtworks.xstream.converters.UnmarshallingContext,com.thoughtworks.xstream.converters.UnmarshallingContext,1,com.thoughtworks.xstream.converters.UnmarshallingContext,com.thoughtworks.xstream.converters.UnmarshallingContext,1,1
dl_correct:5,dl_accuracy:1.0,,rule_correct:5,rule_checked:5,rule_accuracy:1.0,rule_recall:1.0
checked:5,total correct:5,total accuracy:1.0

xstream_class_32.java,
Node,DL_pred,DL_truth,DL_correct,Rule_pred,Rule_truth,Rule_correct,Total_correct
XStream,com.thoughtworks.xstream.XStream,com.thoughtworks.xstream.XStream,1,com.thoughtworks.xstream.XStream,com.thoughtworks.xstream.XStream,1,1
XStream,com.thoughtworks.xstream.XStream,com.thoughtworks.xstream.XStream,1,com.thoughtworks.xstream.XStream,com.thoughtworks.xstream.XStream,1,1
new HibernateProxyConverter(),org.thoughtwnatexstream.core.HibernateProxyConverter,com.thoughtworks.xstream.hibernate.converter.HibernateProxyConverter,0,com.thoughtworks.xstream.hibernate.converter.HibernateProxyConverter,com.thoughtworks.xstream.hibernate.converter.HibernateProxyConverter,1,1
HibernatePersistentCollectionConverter,com.thoughtworks.xstream.converters.HibernatePersistentCollectionConverter,com.thoughtworks.xstream.hibernate.converter.HibernatePersistentCollectionConverter,0,com.thoughtworks.xstream.hibernate.converter.HibernatePersistentCollectionConverter,com.thoughtworks.xstream.hibernate.converter.HibernatePersistentCollectionConverter,1,1
HibernatePersistentMapConverter,com.thoughtworks.xstream.converters.HibernatePersistentMapConverter,com.thoughtworks.xstream.hibernate.converter.HibernatePersistentMapConverter,0,com.thoughtworks.xstream.hibernate.converter.HibernatePersistentMapConverter,com.thoughtworks.xstream.hibernate.converter.HibernatePersistentMapConverter,1,1
HibernatePersistentSortedMapConverter,java.util.HibernatePersistentSortedMapConverter,com.thoughtworks.xstream.hibernate.converter.HibernatePersistentSortedMapConverter,0,com.thoughtworks.xstream.hibernate.converter.HibernatePersistentSortedMapConverter,com.thoughtworks.xstream.hibernate.converter.HibernatePersistentSortedMapConverter,1,1
HibernatePersistentSortedSetConverter,org.hibernatexstream.HibernatePersistentSortedSetConverter,com.thoughtworks.xstream.hibernate.converter.HibernatePersistentSortedSetConverter,0,com.thoughtworks.xstream.hibernate.converter.HibernatePersistentSortedSetConverter,com.thoughtworks.xstream.hibernate.converter.HibernatePersistentSortedSetConverter,1,1
dl_correct:2,dl_accuracy:0.2857,,rule_correct:7,rule_checked:7,rule_accuracy:1.0,rule_recall:1.0
checked:7,total correct:7,total accuracy:1.0

xstream_class_33.java,
Node,DL_pred,DL_truth,DL_correct,Rule_pred,Rule_truth,Rule_correct,Total_correct
XStream,com.thoughtworks.xstream.XStream,com.thoughtworks.xstream.XStream,1,com.thoughtworks.xstream.XStream,com.thoughtworks.xstream.XStream,1,1
XStream,com.thoughtworks.xstream.XStream,com.thoughtworks.xstream.XStream,1,com.thoughtworks.xstream.XStream,com.thoughtworks.xstream.XStream,1,1
new DomDriver(),com.thoughtworks.xstream.io.xml.DomDriver,com.thoughtworks.xstream.io.xml.DomDriver,1,com.thoughtworks.xstream.io.xml.DomDriver,com.thoughtworks.xstream.io.xml.DomDriver,1,1
ActionMessage,android.os.ActionMessage,flex.messaging.io.amf.ActionMessage,0,flex.messaging.io.amf.ActionMessage,flex.messaging.io.amf.ActionMessage,1,1
MessageHeader,android.os.MessageHeader,flex.messaging.io.amf.MessageHeader,0,flex.messaging.io.amf.MessageHeader,flex.messaging.io.amf.MessageHeader,1,1
MessageBody,android.os.MessageBody,flex.messaging.io.amf.MessageBody,0,flex.messaging.io.amf.MessageBody,flex.messaging.io.amf.MessageBody,1,1
RemotingMessage,android.os.RemotingMessage,flex.messaging.messages.RemotingMessage,0,flex.messaging.messages.RemotingMessage,flex.messaging.messages.RemotingMessage,1,1
CommandMessage,android.os.CommandMessage,flex.messaging.messages.CommandMessage,0,flex.messaging.messages.CommandMessage,flex.messaging.messages.CommandMessage,1,1
AcknowledgeMessage,android.os.AcknowledgeMessage,flex.messaging.messages.AcknowledgeMessage,0,flex.messaging.messages.AcknowledgeMessage,flex.messaging.messages.AcknowledgeMessage,1,1
ErrorMessage,com.thoughtworks.acceptance.Aliasobjects.ErrorMessage,flex.messaging.messages.ErrorMessage,0,flex.messaging.messages.ErrorMessage,flex.messaging.messages.ErrorMessage,1,1
ASObject,com.thoughtworks.acceptance.Alias.CommandClassTest.ASObject,flex.messaging.io.amf.ASObject,0,flex.messaging.io.amf.ASObject,flex.messaging.io.amf.ASObject,1,1
AsyncMessage,android.os.AsyncMessage,flex.messaging.messages.AsyncMessage,0,flex.messaging.messages.AsyncMessage,flex.messaging.messages.AsyncMessage,1,1
CommandMessageExt,com.thoughtworks.acceptance.objects.CommandMessageExt,flex.messaging.messages.CommandMessageExt,0,flex.messaging.messages.CommandMessageExt,flex.messaging.messages.CommandMessageExt,1,1
AcknowledgeMessageExt,com.thoughtworks.acceptance.objects.AcknowledgeMessageExt,flex.messaging.messages.AcknowledgeMessageExt,0,flex.messaging.messages.AcknowledgeMessageExt,flex.messaging.messages.AcknowledgeMessageExt,1,1
Mapper,com.thoughtworks.xstream.mapper.Mapper,com.thoughtworks.xstream.mapper.Mapper,1,com.thoughtworks.xstream.mapper.Mapper,com.thoughtworks.xstream.mapper.Mapper,1,1
dl_correct:4,dl_accuracy:0.2667,,rule_correct:15,rule_checked:15,rule_accuracy:1.0,rule_recall:1.0
checked:15,total correct:15,total accuracy:1.0

xstream_class_36.java,
Node,DL_pred,DL_truth,DL_correct,Rule_pred,Rule_truth,Rule_correct,Total_correct
Map,java.util.Map,java.util.Map,1,java.util.Map,java.util.Map,1,1
HashMap,java.util.HashMap,java.util.HashMap,1,java.util.HashMap,java.util.HashMap,1,1
XStream,com.thoughtworks.xstream.XStream,com.thoughtworks.xstream.XStream,1,com.thoughtworks.xstream.XStream,com.thoughtworks.xstream.XStream,1,1
XStream,com.thoughtworks.xstream.XStream,com.thoughtworks.xstream.XStream,1,com.thoughtworks.xstream.XStream,com.thoughtworks.xstream.XStream,1,1
new StaxDriver(),com.thoughtworks.xstream.io.xml.StaxDriver,com.thoughtworks.xstream.io.xml.StaxDriver,1,com.thoughtworks.xstream.io.xml.StaxDriver,com.thoughtworks.xstream.io.xml.StaxDriver,1,1
dl_correct:5,dl_accuracy:1.0,,rule_correct:5,rule_checked:5,rule_accuracy:1.0,rule_recall:1.0
checked:5,total correct:5,total accuracy:1.0

xstream_class_37.java,
Node,DL_pred,DL_truth,DL_correct,Rule_pred,Rule_truth,Rule_correct,Total_correct
Converter,com.thoughtworks.xstream.converters.Converter,com.thoughtworks.xstream.converters.Converter,1,com.thoughtworks.xstream.converters.Converter,com.thoughtworks.xstream.converters.Converter,1,1
HierarchicalStreamWriter,com.thoughtworks.xstream.io.HierarchicalStreamWriter,com.thoughtworks.xstream.io.HierarchicalStreamWriter,1,com.thoughtworks.xstream.io.HierarchicalStreamWriter,com.thoughtworks.xstream.io.HierarchicalStreamWriter,1,1
MarshallingContext,com.thoughtworks.xstream.converters.MarshallingContext,com.thoughtworks.xstream.converters.MarshallingContext,1,com.thoughtworks.xstream.converters.MarshallingContext,com.thoughtworks.xstream.converters.MarshallingContext,1,1
HierarchicalStreamReader,com.thoughtworks.xstream.io.HierarchicalStreamReader,com.thoughtworks.xstream.io.HierarchicalStreamReader,1,com.thoughtworks.xstream.io.HierarchicalStreamReader,com.thoughtworks.xstream.io.HierarchicalStreamReader,1,1
UnmarshallingContext,com.thoughtworks.xstream.converters.UnmarshallingContext,com.thoughtworks.xstream.converters.UnmarshallingContext,1,com.thoughtworks.xstream.converters.UnmarshallingContext,com.thoughtworks.xstream.converters.UnmarshallingContext,1,1
ArrayList,java.util.ArrayList,java.util.ArrayList,1,java.util.ArrayList,java.util.ArrayList,1,1
ArrayList,java.util.ArrayList,java.util.ArrayList,1,java.util.ArrayList,java.util.ArrayList,1,1
dl_correct:7,dl_accuracy:1.0,,rule_correct:7,rule_checked:7,rule_accuracy:1.0,rule_recall:1.0
checked:7,total correct:7,total accuracy:1.0

xstream_class_38.java,
Node,DL_pred,DL_truth,DL_correct,Rule_pred,Rule_truth,Rule_correct,Total_correct
XStream,com.thoughtworks.xstream.XStream,com.thoughtworks.xstream.XStream,1,com.thoughtworks.xstream.XStream,com.thoughtworks.xstream.XStream,1,1
new XStream(),com.thoughtworks.xstream.XStream,com.thoughtworks.xstream.XStream,1,com.thoughtworks.xstream.XStream,com.thoughtworks.xstream.XStream,1,1
XStreamAlias,com.thoughtworks.xstream.annotations.XStreamAlias,com.thoughtworks.xstream.annotations.XStreamAlias,1,com.thoughtworks.xstream.annotations.XStreamAlias,com.thoughtworks.xstream.annotations.XStreamAlias,1,1
List,java.util.List,java.util.List,1,java.util.List,java.util.List,1,1
ArrayList,java.util.ArrayList,java.util.ArrayList,1,java.util.ArrayList,java.util.ArrayList,1,1
dl_correct:5,dl_accuracy:1.0,,rule_correct:5,rule_checked:5,rule_accuracy:1.0,rule_recall:1.0
checked:5,total correct:5,total accuracy:1.0

xstream_class_39.java,
Node,DL_pred,DL_truth,DL_correct,Rule_pred,Rule_truth,Rule_correct,Total_correct
XStream,com.thoughtworks.xstream.XStream,com.thoughtworks.xstream.XStream,1,com.thoughtworks.xstream.XStream,com.thoughtworks.xstream.XStream,1,1
XStream,com.thoughtworks.xstream.XStream,com.thoughtworks.xstream.XStream,1,com.thoughtworks.xstream.XStream,com.thoughtworks.xstream.XStream,1,1
dl_correct:2,dl_accuracy:1.0,,rule_correct:2,rule_checked:2,rule_accuracy:1.0,rule_recall:1.0
checked:2,total correct:2,total accuracy:1.0

xstream_class_4.java,
Node,DL_pred,DL_truth,DL_correct,Rule_pred,Rule_truth,Rule_correct,Total_correct
ArrayList,java.util.ArrayList,java.util.ArrayList,1,java.util.ArrayList,java.util.ArrayList,1,1
ArrayList,java.util.ArrayList,java.util.ArrayList,1,java.util.ArrayList,java.util.ArrayList,1,1
XStream,com.thoughtworks.xstream.XStream,com.thoughtworks.xstream.XStream,1,com.thoughtworks.xstream.XStream,com.thoughtworks.xstream.XStream,1,1
new XStream(),com.thoughtworks.xstream.XStream,com.thoughtworks.xstream.XStream,1,com.thoughtworks.xstream.XStream,com.thoughtworks.xstream.XStream,1,1
dl_correct:4,dl_accuracy:1.0,,rule_correct:4,rule_checked:4,rule_accuracy:1.0,rule_recall:1.0
checked:4,total correct:4,total accuracy:1.0

xstream_class_40.java,
Node,DL_pred,DL_truth,DL_correct,Rule_pred,Rule_truth,Rule_correct,Total_correct
Converter,com.thoughtworks.xstream.converters.Converter,com.thoughtworks.xstream.converters.Converter,1,com.thoughtworks.xstream.converters.Converter,com.thoughtworks.xstream.converters.Converter,1,1
HierarchicalStreamWriter,com.thoughtworks.xstream.io.HierarchicalStreamWriter,com.thoughtworks.xstream.io.HierarchicalStreamWriter,1,com.thoughtworks.xstream.io.HierarchicalStreamWriter,com.thoughtworks.xstream.io.HierarchicalStreamWriter,1,1
MarshallingContext,com.thoughtworks.xstream.converters.MarshallingContext,com.thoughtworks.xstream.converters.MarshallingContext,1,com.thoughtworks.xstream.converters.MarshallingContext,com.thoughtworks.xstream.converters.MarshallingContext,1,1
HierarchicalStreamReader,com.thoughtworks.xstream.io.HierarchicalStreamReader,com.thoughtworks.xstream.io.HierarchicalStreamReader,1,com.thoughtworks.xstream.io.HierarchicalStreamReader,com.thoughtworks.xstream.io.HierarchicalStreamReader,1,1
UnmarshallingContext,com.thoughtworks.xstream.converters.UnmarshallingContext,com.thoughtworks.xstream.converters.UnmarshallingContext,1,com.thoughtworks.xstream.converters.UnmarshallingContext,com.thoughtworks.xstream.converters.UnmarshallingContext,1,1
dl_correct:5,dl_accuracy:1.0,,rule_correct:5,rule_checked:5,rule_accuracy:1.0,rule_recall:1.0
checked:5,total correct:5,total accuracy:1.0

xstream_class_41.java,
Node,DL_pred,DL_truth,DL_correct,Rule_pred,Rule_truth,Rule_correct,Total_correct
XStream,com.thoughtworks.xstream.XStream,com.thoughtworks.xstream.XStream,1,com.thoughtworks.xstream.XStream,com.thoughtworks.xstream.XStream,1,1
XStream,com.thoughtworks.xstream.XStream,com.thoughtworks.xstream.XStream,1,com.thoughtworks.xstream.XStream,com.thoughtworks.xstream.XStream,1,1
new StaxDriver(),com.thoughtworks.xstream.io.xml.StaxDriver,com.thoughtworks.xstream.io.xml.StaxDriver,1,com.thoughtworks.xstream.io.xml.StaxDriver,com.thoughtworks.xstream.io.xml.StaxDriver,1,1
List,java.util.List,java.util.List,1,java.util.List,java.util.List,1,1
dl_correct:4,dl_accuracy:1.0,,rule_correct:4,rule_checked:4,rule_accuracy:1.0,rule_recall:1.0
checked:4,total correct:4,total accuracy:1.0

xstream_class_42.java,
Node,DL_pred,DL_truth,DL_correct,Rule_pred,Rule_truth,Rule_correct,Total_correct
XStreamAlias,com.thoughtworks.xstream.annotations.XStreamAlias,com.thoughtworks.xstream.annotations.XStreamAlias,1,com.thoughtworks.xstream.annotations.XStreamAlias,com.thoughtworks.xstream.annotations.XStreamAlias,1,1
XStreamImplicit,com.thoughtworks.xstream.annotations.XStreamImplicit,com.thoughtworks.xstream.annotations.XStreamImplicit,1,com.thoughtworks.xstream.annotations.XStreamImplicit,com.thoughtworks.xstream.annotations.XStreamImplicit,1,1
List,java.util.List,java.util.List,1,java.util.List,java.util.List,1,1
dl_correct:3,dl_accuracy:1.0,,rule_correct:3,rule_checked:3,rule_accuracy:1.0,rule_recall:1.0
checked:3,total correct:3,total accuracy:1.0

xstream_class_43.java,
Node,DL_pred,DL_truth,DL_correct,Rule_pred,Rule_truth,Rule_correct,Total_correct
List,java.util.List,java.util.List,1,java.util.List,java.util.List,1,1
ArrayList,java.util.ArrayList,java.util.ArrayList,1,java.util.ArrayList,java.util.ArrayList,1,1
XStream,com.thoughtworks.xstream.XStream,com.thoughtworks.xstream.XStream,1,com.thoughtworks.xstream.XStream,com.thoughtworks.xstream.XStream,1,1
XStream,com.thoughtworks.xstream.XStream,com.thoughtworks.xstream.XStream,1,com.thoughtworks.xstream.XStream,com.thoughtworks.xstream.XStream,1,1
new DomDriver(),com.thoughtworks.xstream.io.xml.DomDriver,com.thoughtworks.xstream.io.xml.DomDriver,1,com.thoughtworks.xstream.io.xml.DomDriver,com.thoughtworks.xstream.io.xml.DomDriver,1,1
dl_correct:5,dl_accuracy:1.0,,rule_correct:5,rule_checked:5,rule_accuracy:1.0,rule_recall:1.0
checked:5,total correct:5,total accuracy:1.0

xstream_class_44.java,
Node,DL_pred,DL_truth,DL_correct,Rule_pred,Rule_truth,Rule_correct,Total_correct
File,java.io.File,java.io.File,1,java.io.File,java.io.File,1,1
File,java.io.File,java.io.File,1,java.io.File,java.io.File,1,1
FileOutputStream,java.io.FileOutputStream,java.io.FileOutputStream,1,java.io.FileOutputStream,java.io.FileOutputStream,1,1
FileOutputStream,java.io.FileOutputStream,java.io.FileOutputStream,1,java.io.FileOutputStream,java.io.FileOutputStream,1,1
XStream,com.thoughtworks.xstream.XStream,com.thoughtworks.xstream.XStream,1,com.thoughtworks.xstream.XStream,com.thoughtworks.xstream.XStream,1,1
new XStream(),com.thoughtworks.xstream.XStream,com.thoughtworks.xstream.XStream,1,com.thoughtworks.xstream.XStream,com.thoughtworks.xstream.XStream,1,1
dl_correct:6,dl_accuracy:1.0,,rule_correct:6,rule_checked:6,rule_accuracy:1.0,rule_recall:1.0
checked:6,total correct:6,total accuracy:1.0

xstream_class_5.java,
Node,DL_pred,DL_truth,DL_correct,Rule_pred,Rule_truth,Rule_correct,Total_correct
FileNotFoundException,java.io.FileNotFoundException,java.io.FileNotFoundException,1,java.io.FileNotFoundException,java.io.FileNotFoundException,1,1
XStream,com.thoughtworks.xstream.XStream,com.thoughtworks.xstream.XStream,1,com.thoughtworks.xstream.XStream,com.thoughtworks.xstream.XStream,1,1
XStream,com.thoughtworks.xstream.XStream,com.thoughtworks.xstream.XStream,1,com.thoughtworks.xstream.XStream,com.thoughtworks.xstream.XStream,1,1
new DomDriver(),com.thoughtworks.xstream.io.xml.DomDriver,com.thoughtworks.xstream.io.xml.DomDriver,1,com.thoughtworks.xstream.io.xml.DomDriver,com.thoughtworks.xstream.io.xml.DomDriver,1,1
PrintWriter,java.io.PrintWriter,java.io.PrintWriter,1,java.io.PrintWriter,java.io.PrintWriter,1,1
PrintWriter,java.io.PrintWriter,java.io.PrintWriter,1,java.io.PrintWriter,java.io.PrintWriter,1,1
dl_correct:6,dl_accuracy:1.0,,rule_correct:6,rule_checked:6,rule_accuracy:1.0,rule_recall:1.0
checked:6,total correct:6,total accuracy:1.0

xstream_class_6.java,
Node,DL_pred,DL_truth,DL_correct,Rule_pred,Rule_truth,Rule_correct,Total_correct
File,java.io.File,java.io.File,1,java.io.File,java.io.File,1,1
XStream,com.thoughtworks.xstream.XStream,com.thoughtworks.xstream.XStream,1,com.thoughtworks.xstream.XStream,com.thoughtworks.xstream.XStream,1,1
XStream,com.thoughtworks.xstream.XStream,com.thoughtworks.xstream.XStream,1,com.thoughtworks.xstream.XStream,com.thoughtworks.xstream.XStream,1,1
DomDriver,com.thoughtworks.xstream.io.xml.DomDriver,com.thoughtworks.xstream.io.xml.DomDriver,1,com.thoughtworks.xstream.io.xml.DomDriver,com.thoughtworks.xstream.io.xml.DomDriver,1,1
OutputStream,java.io.OutputStream,java.io.OutputStream,1,java.io.OutputStream,java.io.OutputStream,1,1
FileOutputStream,java.io.FileOutputStream,java.io.FileOutputStream,1,java.io.FileOutputStream,java.io.FileOutputStream,1,1
dl_correct:6,dl_accuracy:1.0,,rule_correct:6,rule_checked:6,rule_accuracy:1.0,rule_recall:1.0
checked:6,total correct:6,total accuracy:1.0

xstream_class_8.java,
Node,DL_pred,DL_truth,DL_correct,Rule_pred,Rule_truth,Rule_correct,Total_correct
Activity,android.app.Activity,android.app.Activity,1,android.app.Activity,android.app.Activity,1,1
TextView,android.widget.TextView,android.widget.TextView,1,android.widget.TextView,android.widget.TextView,1,1
Bundle,android.util.Bundle,android.os.Bundle,0,android.os.Bundle,android.os.Bundle,1,1
SoapObject,com.android.xml.telephony.ageap.SoapObject,org.ksoap2.serialization.SoapObject,0,org.ksoap2.serialization.SoapObject,org.ksoap2.serialization.SoapObject,1,1
SoapObject,javax.xml.soap.SoapObject,org.ksoap2.serialization.SoapObject,0,org.ksoap2.serialization.SoapObject,org.ksoap2.serialization.SoapObject,1,1
SoapSerializationEnvelope,com.sun.xml.internal.ws.client.SoapSerializationEnvelope,org.ksoap2.serialization.SoapSerializationEnvelope,0,org.ksoap2.serialization.SoapSerializationEnvelope,org.ksoap2.serialization.SoapSerializationEnvelope,1,1
SoapSerializationEnvelope,com.sun.xml.internal.ws.client.SoapSerializationEnvelope,org.ksoap2.serialization.SoapSerializationEnvelope,0,org.ksoap2.serialization.SoapSerializationEnvelope,org.ksoap2.serialization.SoapSerializationEnvelope,1,1
SoapEnvelope,com.sun.xml.internal.ws.api.message.SoapEnvelope,org.ksoap2.SoapEnvelope,0,org.ksoap2.SoapEnvelope,org.ksoap2.SoapEnvelope,1,1
HttpTransportSE,com.sun.xml.internal.ws.transport.http.HttpAdapter.HttpTransportSE,org.ksoap2.transport.HttpTransportSE,0,org.ksoap2.transport.HttpTransportSE,org.ksoap2.transport.HttpTransportSE,1,1
HttpTransportSE,com.android.xml.internal.ws.client.HttpTransportSE,org.ksoap2.transport.HttpTransportSE,0,org.ksoap2.transport.HttpTransportSE,org.ksoap2.transport.HttpTransportSE,1,1
XStream,com.thoughtworks.xstream.XStream,com.thoughtworks.xstream.XStream,1,com.thoughtworks.xstream.XStream,com.thoughtworks.xstream.XStream,1,1
XStream,com.thoughtworks.xstream.XStream,com.thoughtworks.xstream.XStream,1,com.thoughtworks.xstream.XStream,com.thoughtworks.xstream.XStream,1,1
new DomDriver(),com.thoughtworks.xstream.io.xml.DomDriver,com.thoughtworks.xstream.io.xml.DomDriver,1,com.thoughtworks.xstream.io.xml.DomDriver,com.thoughtworks.xstream.io.xml.DomDriver,1,1
dl_correct:5,dl_accuracy:0.3846,,rule_correct:13,rule_checked:13,rule_accuracy:1.0,rule_recall:1.0
checked:13,total correct:13,total accuracy:1.0

xstream_class_9.java,
Node,DL_pred,DL_truth,DL_correct,Rule_pred,Rule_truth,Rule_correct,Total_correct
XStream,com.thoughtworks.xstream.XStream,com.thoughtworks.xstream.XStream,1,com.thoughtworks.xstream.XStream,com.thoughtworks.xstream.XStream,1,1
XStream,com.thoughtworks.xstream.XStream,com.thoughtworks.xstream.XStream,1,com.thoughtworks.xstream.XStream,com.thoughtworks.xstream.XStream,1,1
new DomDriver(),com.thoughtworks.xstream.io.xml.DomDriver,com.thoughtworks.xstream.io.xml.DomDriver,1,com.thoughtworks.xstream.io.xml.DomDriver,com.thoughtworks.xstream.io.xml.DomDriver,1,1
FileInputStream,java.io.FileInputStream,java.io.FileInputStream,1,java.io.FileInputStream,java.io.FileInputStream,1,1
FileInputStream,java.io.FileInputStream,java.io.FileInputStream,1,java.io.FileInputStream,java.io.FileInputStream,1,1
FileNotFoundException,java.io.FileNotFoundException,java.io.FileNotFoundException,1,java.io.FileNotFoundException,java.io.FileNotFoundException,1,1
dl_correct:6,dl_accuracy:1.0,,rule_correct:6,rule_checked:6,rule_accuracy:1.0,rule_recall:1.0
checked:6,total correct:6,total accuracy:1.0

total status,
total checked:200,rule correct:196,rule checked:200,dl correct:172,total correct:196
dl precision:0.86,rule precision:0.98,rule recall:0.98,total_precision:0.98
